{"parent":"minecraft:item/generated","textures":{"layer0":"minecraft:item/paper"},"overrides":[{"predicate":{"custom_model_data":7100294},"model":"_iainternal:ia_auto_gen/icon_left_blue"},{"predicate":{"custom_model_data":7100295},"model":"_iainternal:ia_auto_gen/icon_right_blue"},{"predicate":{"custom_model_data":7100296},"model":"_iainternal:ia_auto_gen/icon_search"},{"predicate":{"custom_model_data":7100297},"model":"_iainternal:ia_auto_gen/icon_cancel"},{"predicate":{"custom_model_data":7100298},"model":"_iainternal:ia_auto_gen/icon_arrow_chest"},{"predicate":{"custom_model_data":7100299},"model":"_iainternal:ia_auto_gen/icon_back_orange"},{"predicate":{"custom_model_data":7100300},"model":"_iainternal:ia_auto_gen/icon_next_orange"},{"predicate":{"custom_model_data":7100301},"model":"item/paper"}]}